CID,Blocked,https://ipfs.io/ipfs/,https://cloudflare-ipfs.com/ipfs/,https://gateway.pinata.cloud/ipfs/,https://dweb.link/ipfs/,https://ipfs.eth.aragon.network/ipfs/,https://trustless-gateway.link/ipfs/,https://ipfs.runfission.com/ipfs/,https://4everland.io/ipfs/,https://w3s.link/ipfs/,https://nftstorage.link/ipfs/,https://hardbin.com/ipfs/,https://storry.tv/ipfs/,https://cf-ipfs.com/ipfs/
QmVboz5mZcN8BELbB5FK7gwGFLT4KpqMdayofvVw5fFAsu,no,-,-,-,-,-,-,-,-,+,+,-,-,-
QmW9eatoWzzQQRCc3eDgkWDWu5KyjbzAq1Qch299DV4US5,no,-,-,-,-,-,-,-,-,-,-,+,-,-
QmNSYWuXDJ6ZpEHU8UBgvAw7Tw2Jj4WyeCHYkRqWSTXjMS,no,-,-,-,+,-,-,-,-,+,+,+,-,-
bafkreihka7oqw5p5vkywn7toeyt37vsukczg74jbreonmin5t3wsjox3by,no,-,-,-,+,-,-,-,-,+,+,-,-,-
bafkreidrm4kqkpnlzcldnyn66u6zfw4u2c7vqvitpr3fsn2ib5t2uly3zq,no,-,-,-,-,-,-,-,-,+,+,-,-,-
QmQf2ayEKvPm9zAqQwsnS5UZgnPR8H9j4rQxV4SGEp8nsn,no,-,-,-,+,-,-,-,-,+,+,-,-,-
Qmdz6C8p1zsup9PxiTr6acX1uwtXASpTUNzG5MN49adA8f,no,-,-,-,+,-,-,-,-,-,-,-,-,-
QmQx6kkSLnRtiKonrB78vcp4NDEG14rfpJQcjZMQxEFmrQ,no,-,+,-,-,-,-,-,-,-,-,-,-,-
QmRNdQ193kZGzHbyeoLcZA5F49abdDPjZ24Wjv8RvLCiZC,no,-,+,-,+,-,-,-,-,+,+,-,-,-
QmRJU4YjVQspKoJShorv4jJF7Caps84tCnTxXmxXFT9Kot,no,-,+,-,-,-,-,-,-,-,-,-,-,-
QmSb6c5QuMdxdnMgm7izpbZAjgrV3kXWLZtzwcgyZB8cCo,no,-,-,-,-,-,-,-,-,+,+,-,-,-
QmV9dr6u6R5RVNfyn9tgbp9H6KPoQu5TrG7FFRUMPGu5aw,no,-,-,-,+,-,-,-,-,+,+,+,-,-
QmXfeiYjt4Yq6iYoaB2fajdW1zpcs389aZSEUKLfwDiVZF,no,-,-,-,-,-,-,+,-,-,-,+,-,-
QmXF6xr7yuYCkARf7nSjfTMgcS7hrGJJnAoKcSv8MXeTDf,no,-,-,-,-,-,-,-,-,-,+,-,-,-
QmXN33KgjkHqjyeY2GfwBjJ7e5hNscbdfp5gFzWDn1abyp,no,-,-,-,-,-,-,+,-,-,-,+,-,-
QmYvPW5Z2R1pbUJNhCZ5Yh1q99X7fLpNiZdCBTYpukVR3h,no,-,-,-,+,-,-,-,-,+,+,-,-,-
bafkreiaai5b54jknxo7jwmqoxoj6wa4amqxgqhfabk4ievnhempaus4skm,no,-,+,-,+,-,-,-,-,+,+,-,-,-
bafkreiafze4y6utaxahbyogjwz6xgjqmxakpqovtpagbnclimwelhwkvua,no,-,+,-,+,-,-,-,-,+,+,+,-,-
bafkreialdziojbztid4xna4ekmv75yux2q5azyklbg7llba5qpcyku2q64,no,-,+,-,+,-,-,-,-,+,+,+,-,-
bafkreiaabwrxsurx3uo7rpgsh47j2dha7n3grhgvhuhzubwx7raitlp7la,no,-,-,-,-,-,-,-,-,+,+,-,-,-
bafkreiadmz32skaworzygs5uu4o7w24hxhipdg5cv42vyu5d37i4dq6rqu,no,-,+,-,+,-,-,-,-,+,+,-,-,-
bafkreiax6m5cpzly74qywikvnawcdf3w2rgexgsax5l5dr65o4rm2lijwq,no,-,+,-,+,-,-,-,-,+,+,-,-,-
bafkreiaptat55lclezyga6duymvk2vqckgiqi3gqmmgwdf6p7omg5njh24,no,-,+,-,+,-,-,-,-,+,+,+,-,-
bafkreiaowaqmqbkpoosf5ndi23j3x3ax6dksnap25dqtiap3l6ydagd2ha,no,-,+,-,+,-,-,-,-,+,+,-,-,-
bafkreic6tclhqzsvkv32wkww5zkac5livtctnhtyx62oqeguebetseu2em,no,-,+,-,-,-,-,-,-,-,-,-,-,-
bafkreibsjgr6zbpuj3gekz2jqtfdgcxwkcup7hgihygqjqn7zlrn5ykfbu,no,-,+,-,+,-,-,-,-,+,+,-,-,-
bafkreiamua3iqq7xy65fel6x5xqqfizpzmoz2wqqureug5svy4lbmome2u,no,-,+,-,+,-,-,-,-,+,+,-,-,-
bafkreibuogfvo5akbbivqo6hsznxbrxdvibhrcs6xwaiabrdtv5ij7l3yq,no,-,-,-,+,-,-,-,-,+,+,-,-,-
bafkreib2rgmrgxwzswmdwffxoj4tdoaxhvbf2np74n6sxyti3ccqwdcyh4,no,-,-,-,-,-,-,-,-,+,+,-,-,-
bafkreibdvipe7griws4p2gxle7hgiuqans6liqzsalwib3l3oimdenfnma,no,-,+,-,+,-,-,-,-,+,+,+,-,-
bafkreibwylh3qnooo6jllgu3pwwxjsosvxzmi7ta3vqbph7d2dyb6nsc3i,no,-,+,-,+,-,-,-,-,+,+,+,-,-
bafkreid2lgclbshpt7c2ppkgpxnp5tm7ucvbnatyblilqukfjlsjzsho2a,no,-,-,-,-,-,-,-,-,+,+,-,-,-
bafkreic3o5b6uvm2yhg2nwojt3yb2px4nlika3mkuo75yosrfgrmuyeroy,no,-,-,-,-,-,-,-,-,+,+,-,-,-
bafkreicwthropabtg34hzadwldogbi67ehzljq3fixw3o2r7df6s5kykte,no,-,+,-,+,-,-,-,-,+,+,+,-,-
bafkreicr3otv2hufkrkq5kbfemp3cvnufvb6zhhyq3htttn2yzy74y3a3e,no,-,+,-,-,-,-,-,-,-,-,-,-,-
bafkreidhtbbohb56dpv5za4vzldplytjzfcypsuwy2rgeilpql2ubqtuqm,no,-,+,-,-,-,-,-,-,-,-,-,-,-
bafkreid2wj5gydjflqqpktshuq2dcrzunnfx43uukmh65byjqkpmafnzyi,no,-,+,-,+,-,-,-,-,+,+,+,-,-
bafkreidnu4jua66nmf7xxz4dwsxrbtp5n5ap3s4a73auw5rulxnhhdsshy,no,-,+,-,+,-,-,-,-,+,+,+,-,-
bafkreicuihu4tvk4juhrh7ftcd7tl7dvlseuarvbl6vtqzvb3elpd6nd5a,no,-,+,-,+,-,-,-,-,+,+,+,-,-
bafkreicjj2byolqb2d7ljq2ncocgc4l5up3hjg6senxexhkg2xyoaxekum,no,-,+,-,+,-,-,-,-,+,+,+,-,-
bafkreico3zbti4222k6u2l5ufpxlenatn2xjkqipaefma4jky5z2bqdlde,no,-,-,-,+,-,-,-,-,+,+,-,-,-
bafkreidym64exwgkanxcolljqozb26bb2h5przierb3bvrhmviockg7sjy,no,-,+,-,+,-,-,-,-,+,+,-,-,-
bafkreife5f6zi2pfe2meuo3cmltkabygefxyuh262djts352bqmtjtyep4,no,-,-,-,-,-,-,-,-,+,+,-,-,-
bafkreid5g7bhfg6jahedi63h5ctwxktjpz37gpw7gnfez3kee25hpopkmq,no,-,-,-,+,-,-,-,-,+,+,-,-,-
bafkreid2sritou3nqmvs5fyoqdftsbfaxa5ovsyzipxhkplqmbp7ihau2y,no,-,-,-,-,-,-,-,-,+,+,-,-,-
bafkreiel23rdkcbht732dp36t3xfiz7qny5z6rjfpysv223aod73nhptwe,no,-,+,-,-,-,-,-,-,+,+,-,-,-
bafkreidyo4ttzo5sv43fghzzwk54ayqtiyftpdv7zxuiewlpwzpzgfz6vq,no,-,+,-,-,-,-,-,-,+,+,-,-,-
bafkreiek4ll2xyw4zdak7przlturpcuhkfa66quyrbjfndusfjvq7thsdu,no,-,+,-,+,-,-,-,-,+,+,-,-,-
bafkreifgpn7asawcthj3ibgmzc6kykxazessmcmppvg6z5mose6uzs5aly,no,-,-,-,+,-,-,-,-,+,+,+,-,-
bafkreif6zcvzlhl7ct6ktjm2qyrjgkihlefpky5aorm6jcrr2caa44imey,no,-,-,-,+,-,-,-,-,+,+,-,-,-
bafkreiets74op5rsszlnljj56yzuiuqczsawow23xjc4rimdeu6mz7n6me,no,-,+,-,+,-,-,-,-,+,+,+,-,-
bafkreidireckoznexfjfbsxswt7f6nvtvuhh43w7uthmbwiqbpqvcwfpny,no,-,-,-,-,-,-,-,-,-,-,+,-,-
bafkreieyk7d456jmkgxh2c7putzs6f2hte7ajjyb6453lqhl3mlc3vahym,no,-,-,-,-,-,-,-,-,+,+,-,-,-
bafkreiffz46tyqvifmyhjcdbynucd4duurmznmxaorlfjuwzovmtocshje,no,-,+,-,-,-,-,-,-,-,-,+,-,-
bafkreifm5nhwf57ll4jeutid4464rwxjci3mdfnfyvizh6tbxxmsr5kyby,no,-,+,-,-,-,-,-,-,-,-,-,-,-
bafkreifn4ykgsguihz72hzpojlitg6u2gzrpm6gtksu5wpy7xukj73feom,no,-,+,-,+,-,-,-,-,+,+,+,-,-
bafkreifmlrlkmkvtqbx4jx24g62maqwd4t3sogrj42f7ihwrqlsmeswyje,no,-,-,-,+,-,-,-,-,+,+,+,-,-
bafkreig4axuphboowy3drq2fuxjxryb3ks7knhrsszs6avysret6bqdata,no,-,+,-,+,-,-,-,-,+,+,+,-,-
bafkreigsrqdhku5t62doal2oiche27tpqtvvbzuq7famoyorgr5od5pehm,no,-,-,-,-,-,-,-,-,+,+,-,-,-
bafkreigb2njsmsdv7fxeokr4wrco2dzub2zhjmyxl7efw37ybd5g6r5poa,no,-,-,-,-,-,-,-,-,+,+,-,-,-
bafkreigy3imddsk3lqnzcpw473pvrsn674helyi445zaj6n6psdzhkkwsu,no,-,-,-,+,-,-,-,-,+,+,-,-,-
bafkreih7c2uolex752mqqdiimh3nr5vaflywznpfuwrbsyh4wuifnynmru,no,-,+,-,+,-,-,-,-,+,+,+,-,-
bafkreigblap3nh27esigldfdnw4c35obkjklt5mra37xqxsvj5ex23jqzm,no,-,+,-,-,-,-,-,-,+,+,-,-,-
bafkreiglczwknxlnqnncluobqgkxy25ythumbfutb4m5uenu6rmr4bds7m,no,-,+,-,+,-,-,-,-,+,+,+,-,-
bafkreihuwifzrebhlzjzngkl4ckyivgwsts4tcnmgldzwhos2roibldnzu,no,-,-,-,-,-,-,-,-,+,+,-,-,-
bafybeia7udrkndc57oboyjzzjqbpolzscpthowhnngyqihdmq56wt4z3cq,no,-,+,-,-,-,-,-,-,-,-,-,-,-
bafybeiadx73euejmznwbwpnvgkvmj7z34vzrfhib4b4devgp6skx2usidq,no,-,+,-,+,-,-,-,-,+,+,-,-,-
bafkreihvvami46m5uiavjli23dzqv4vrzxgyg4ks7jffazjzlpmimm7k5m,no,-,-,-,+,-,-,-,-,+,+,+,-,-
bafybeiaejzhhx43wlv3jr7rlsoqp6cczra5xvf2idk4dflkxcxgult5z7m,no,-,+,-,-,-,-,-,-,-,+,-,-,-
bafybeiaas663vaywzopxvfarsgccnrtrie2ejmaiqk5svtq77epegb4hwa,no,-,+,-,-,-,-,-,-,-,-,-,-,-
bafybeiah2k72bk5jxhfqw7zkv2jiqnvjututegdei4cfy35r3yjsge3fdm,no,-,-,-,+,-,-,-,-,+,+,-,-,-
bafybeiaj4jz6rnrwy6pkerlmoqykz7s5tsf64p3svl5tpwijlh7hqxdagy,no,-,+,-,-,-,-,-,-,-,-,-,-,-
bafybeiajhgnfxxou5payt3tlquoj5amszr6srfnlrnhe7huik7adcpisna,no,-,-,-,+,-,-,-,-,+,+,-,-,-
bafybeiapsgpfpvrnwahwwngqwgz7pduy5ath36ebf6e7ji2qonweobwmza,no,-,+,-,-,-,-,-,-,-,-,-,-,-
bafybeiaqwxbnr4nwls6kk2b2hnqulh2i5ioxpkdvsdmopvf66fehc52kwi,no,-,+,-,-,-,-,-,-,-,-,-,-,-
bafybeiak65sgacxopizijsuijcybkhwhgkhpj675rou3g6v7g3v6wm5sja,no,-,-,-,+,-,-,-,-,+,+,-,-,-
bafybeias7qnw7lhi7cp5rhucb3t2hu6ba3hfkrgehssbhqbr25zgrtxgxm,no,-,+,-,-,-,-,-,-,-,-,-,-,-
bafybeib67akc3pdd75vo3tzyq6f4fntw5ltcacdww5ebcasnmcw2eqltfu,no,-,+,-,-,-,-,-,-,-,-,-,-,-
bafybeiball5yuju6ucuajtpdlbn7dt2llcmoqp6hroo4aenqimv4qannsm,no,-,+,-,-,-,-,-,-,-,-,-,-,-
bafybeiazx2jieuujdz3tsw7biqm7m62fvpktorgub7u2wrczlyc25zkm5q,no,-,+,-,-,-,-,-,-,-,-,-,-,-
bafybeibdfh53bbjnwrew7owprtbncomwwyq7aojc7txhuy6fxjzw4w2kte,no,-,+,-,-,-,-,-,-,-,-,-,-,-
bafybeibfr2ixxda5fskiqaotmck6us4lywuemabkhcw5kflsmwrsg7537e,no,-,+,-,-,-,-,-,-,-,-,-,-,-
bafybeibgzqtorxqdbg2n3tjniohkp6a5ypwi6a3duzkzvr3lkvxl5t5eqe,no,-,+,-,-,-,-,-,-,-,-,-,-,-
bafybeiblg3ffocpgi3fmc4eticgxo5tjokrqnq3qjkfnnr54h5kvcb37sy,no,-,+,-,-,-,-,-,-,-,-,-,-,-
bafybeibp3rkdbtxtt6atfwja2ffej6dnj7fujw3ngzj35qb7gz4efkqu7q,no,-,+,-,-,-,-,-,-,-,-,-,-,-
bafybeibiyalzwvmlisgut224jjcwotnkuezs7sdyzvishg43lzsx5l3gtm,no,-,+,-,-,-,-,-,-,-,-,-,-,-
bafybeibmapochwbjsmmfjx3ofwr3feas5qxxnrmtnchairj7ww25qmm3y4,no,-,+,-,-,-,-,-,-,-,-,-,-,-
bafybeibzzribmxisbjdkwnpw5vl7tir4765yg36wdg4torcv6asnsbevha,no,-,+,-,-,-,-,-,-,-,-,-,-,-
bafybeic5hplbkubjzoigjkvtsjt6wlgp3kmwlknkpqtyznh7hckyfkzx6u,no,-,+,-,+,-,-,-,-,+,+,-,-,-
bafybeicefrte7tfgyddmow6j7ntwlnlc2o3syg47oohagk2fc375bzixmq,no,-,+,-,-,-,-,-,-,-,-,-,-,-
bafybeicgym3ei7yoik6mz6mrnounvbvg3zoauwtrhr73ldbmo2sopv7peu,no,-,+,-,-,-,-,-,-,-,-,-,-,-
bafybeiclbsx6fjyd6gx33ia2flszi2kr3ekms2txld7fhpbgrt4gpwmeuy,no,-,+,-,-,-,-,-,-,-,-,-,-,-
bafybeicu46rbhpzvdye442hnndb6fd5tw343h3qybiaoe4lokcglw2tdfm,no,-,+,-,-,-,-,-,-,-,-,-,-,-
bafybeicw35pvsmjuhsniq2tcrcpdrvhabq7evzalfbpygvzp5mtg4w66g4,no,-,+,-,-,-,-,-,-,-,-,-,-,-
bafybeicywot2mqqb62bjl64i22v4ikrbnwlrfrzrhxgs7oiubr2yr7o5me,no,-,+,-,-,-,-,-,-,-,-,-,-,-
bafybeidexts5nlmiyuaw2r74xg6uem6vktakiry5spd3iwb4pqadgdl5du,no,-,+,-,-,-,-,-,-,-,-,-,-,-
bafybeiddjbevvhsxhowx2vurmfrmeyomt5s3zgxyixufguetghgjwylbde,no,-,+,-,-,-,-,-,-,-,-,-,-,-
bafybeidn6k7nb6hlh53dl4rqyyei3aajflq3fr4nc3zkqdzehrixctfrwm,no,-,+,-,+,-,-,-,-,+,+,-,-,-
bafybeidksmrgovkwckiuyqktslnt5gwd4d57xnlrmzrthfp45yfiellgqm,no,-,+,-,-,-,-,-,-,-,-,-,-,-
bafybeidcy4r5rx3w3pqmwby35q26ay6t2ryfrbdq6uwkiu457pxhox2qvy,no,-,-,-,+,-,-,-,-,+,+,+,-,-
bafybeidsl7jbv4oarfv6xjakwniyoasdktws7pcqb65y2qvox2biacroxy,no,-,+,-,-,-,-,-,-,-,-,-,-,-
bafybeidtbnzn4umy6nkav7qewesrrpqgfknsaeg3y5vkv5pheiddbqkhjy,no,-,+,-,-,-,-,-,-,-,-,-,-,-
bafybeidqczuebjp4auai4h76q4i66obwn6iedfxxwsse5ltolttisfny7e,no,-,-,-,+,-,-,-,-,+,+,-,-,-
bafybeie5o5qf7ca5yg2blfneppioegbbfqf5lebl4o7thhz3pbnrfq67ye,no,-,+,-,-,-,-,-,-,-,-,-,-,-
bafybeieejvrbmqtnvukhi6imms5rkrlq4adeiyj5z6mzbkhow3qlvgo75y,no,-,+,-,-,-,-,-,-,-,+,-,-,-
bafybeiejoq5hgycaiznphgauufgkw2xsruypxzq3hcinr34i76ohnbffse,no,-,+,-,-,-,-,-,-,-,-,-,-,-
bafybeiem3mx3jxqwbzy4vx7tsohdrsq3rvretpf222u3w22wug24lojbcu,no,-,+,-,-,-,-,-,-,-,-,-,-,-
bafybeiemx65b2ugbckl7ni5ja66ckb7mgxoaxthr66rcjjrwkhv5zy3sni,no,-,+,-,-,-,-,-,-,-,-,-,-,-
bafybeiennaiap3gzujwz6tylt7yl24757ks6on5bsd6zwpc6cuwmtzhkne,no,-,+,-,-,-,-,-,-,-,-,-,-,-
bafybeietdwmnpnial6v6t4fxcbkfcqtjqipbrow4zicitoo453fclsam6i,no,-,+,-,-,-,-,-,-,-,-,-,-,-
bafybeiepiqyjz4jetgf5qe2pz47yli652suzddgwazxqmrutdozacaouga,no,-,+,-,-,-,-,-,-,-,-,-,-,-
bafybeieurbkrdzwwnqqkwmxgbsq5ibmvvjegqnbpor42chkeamrkr27ezi,no,-,+,-,-,-,-,-,-,-,-,-,-,-
bafybeiewva25lb3ajklon3xqivhpihh4ulussyyaivyopymhjzufujqtyq,no,-,+,-,-,-,-,-,-,-,-,-,-,-
bafybeiestwxg6lo6cmozl4vapehlc55g3olciyfrkzt5kzgnkp7md2bfru,no,-,-,-,+,-,-,-,-,+,+,+,-,-
bafybeieyispss6fm56ri2zioko6qlhqbwyurxscz37hwdoak7iz4tkfvoq,no,-,+,-,-,-,-,-,-,-,-,-,-,-
bafybeieyryxmc4i75kgrplprrpvncerenx6x26t3oh34jyzy7ukknczh4a,no,-,+,-,-,-,-,-,-,-,-,-,-,-
bafybeieyjsnkynr5ggn4wsi2jph6n4w7f6vaz44bbtsfcpdhr2vnt2f3pm,no,-,+,-,+,-,-,-,-,+,+,-,-,-
bafybeif65pir6iqi7puyabrth3ybf7v274bnaafj5y7jbez5opfv6kffqu,no,-,+,-,+,-,-,-,-,+,+,+,-,-
bafybeif6lv3b455txz4sbkmuqu6qzv52sjffnomhwdt2bx6fpntky4muke,no,-,+,-,-,-,-,-,-,-,-,-,-,-
bafybeifc3bu3pkgvmmhnshl2gbguyvyz6dmsssxo5fm7c3o7pzyitjim7i,no,-,+,-,-,-,-,-,-,-,-,-,-,-
bafybeifehogrvmx6jqyxz22uskm7pd7k5g76cvkurnmd2uo2q3baevswbm,no,-,+,-,-,-,-,-,-,-,-,-,-,-
bafybeifgkpsuhq4sbwcpc2dniethatdbtv4wm2ijmgq3ccld5nehlsy4va,no,-,+,-,+,-,-,-,-,+,+,-,-,-
bafybeiffrwruit3nyswnwnt3ahxz6u5xtg5e3gdzxgvmsaryzi2essgmcy,no,-,+,-,-,-,-,-,-,-,-,-,-,-
bafybeiffcqqrojyyi3ekttcwbgaxqeoqidk44i2lngacjvxcnrgfuihlka,no,-,+,-,-,-,-,-,-,-,-,-,-,-
bafybeifmftq2pnne6wzdq444ntwxbexlyzl6qic543cuuhlyyo7t3szuqi,no,-,+,-,-,-,-,-,-,-,-,-,-,-
bafybeifjt56nyqood7frnzxvhgyrxy5chgztphscmk5x6f3eficmayqsfy,no,-,-,-,+,-,-,-,-,+,+,-,-,-
bafybeifi3cbhpq5v6ego4xlae5eoqmaymnzksssns7mnydao3glf4j57wq,no,-,+,-,-,-,-,-,-,-,-,-,-,-
bafybeifjbhwygukbb42swhqobl7nm3amneptu7qjuweayt2fmfcmld45cu,no,-,+,-,-,-,-,-,-,-,-,-,-,-
bafybeifu2lxnvdgozeaeh56jri3y45hq34w4n7p6rsttjovypztneumzja,no,-,+,-,-,-,-,-,-,-,-,-,-,-
bafybeig4lbepupzzg7ehzpbrlpeufeiuqqpa7paf3zgh4oeace6hkgkm7m,no,-,+,-,-,-,-,-,-,-,-,-,-,-
bafybeige2difgc34gwk7u4p74vfuuzpxrfwsgrmst63adhrnnagqikmz5y,no,-,+,-,-,-,-,-,-,-,-,-,-,-
bafybeigfv2bbrjn6olpaoxxodycemd45meorz2gjhjpmsunofu32pymmfy,no,-,+,-,-,-,-,-,-,-,-,-,-,-
bafybeigdjuqw64333quvhtidms3samvbhwihtuiozwt3cxidm3cj4xseuq,no,-,-,-,+,-,-,-,-,+,+,-,-,-
bafybeigff3nxa7s6522jhlzf5qmjfswg354gf3nvfqwdjgk24vxnwphc6i,no,-,+,-,-,-,-,-,-,-,-,-,-,-
bafybeigtmei7jznnfkpmdlmgudha7feoano7zqocvzwehm34eel2rtlo4q,no,-,+,-,-,-,-,-,-,-,-,-,-,-
bafybeigtre3u3wbuskvvdqb7evvgbpsbuomlkk6g2nnvdyai7gs3avhmdy,no,-,+,-,-,-,-,-,-,-,-,-,-,-
bafybeigr2o7ksoinsbb4j5deideaixkjuutp765tut2mggyuujiyspcdgy,no,-,+,-,-,-,-,-,-,-,-,-,-,-
bafybeigrlcm7f34wxvi5mkfvlczvtaaahlhcxf5ppfafth2x7r5pm4y3ia,no,-,+,-,+,-,-,-,-,+,+,-,-,-
bafybeigw6bkk4c4judva2lfcduibep77mp4bj7cmucujivyxevmoyxhrqi,no,-,-,-,+,-,-,-,-,+,+,-,-,-
bafybeih2xtdarn7qvmwhc3p6n7yf6jpwzcayelf77wazcxjt2khvpidubi,no,-,+,-,-,-,-,-,-,-,-,-,-,-
bafybeih7gx7hfxuomhqoijw5hz2chigcrk7ku7erwv3vhv6gxhfaq5htuq,no,-,+,-,-,-,-,-,-,-,-,-,-,-
bafybeih5wd6tejd6od3bzlyn4ngqj46r3yovcqndoffkfjyqoijxeweo4u,no,-,+,-,-,-,-,-,-,-,-,-,-,-
bafybeih6rtemhzrtashvkuup3tjqikqnsowd4hvayj43ulfdrody7esxpy,no,-,+,-,-,-,-,-,-,-,-,-,-,-
bafybeihd5pvgzrfq3bpeggwqtss5kuu7g5rhxerlbnir3oh6igik2hnqli,no,-,-,-,+,-,-,-,-,+,+,+,-,-
bafybeihe2robgh3toq47tdjteflnxfaxojjg6jgnxq3kqldvtcrh5oopau,no,-,+,-,-,-,-,-,-,-,-,-,-,-
bafybeihio2nzw3jugwcbjpzrlyjj7mjcsyzcj722vunklh3vn2t3ctca6a,no,-,-,-,+,-,-,-,-,-,-,-,-,-
bafybeihhyil2rbmgrs2kp65qtbjkiwjv7v3waho5vym65hdbp6cvzy5uza,no,-,-,-,+,-,-,-,-,+,+,-,-,-
bafybeihlfn54haop3fxlr66ubronkj7hzgfnkhj4mnzowbxiohrhdveshu,no,-,+,-,-,-,-,-,-,-,-,-,-,-
bafybeihssrx7zjl25cm7ljszatngq5pivfzxpl5s7hvheffn5stsqar7vi,no,-,+,-,-,-,-,-,-,-,-,-,-,-
bafybeihy6qm5hqsvgxcw2e2pkfcwojwjkbvezjs7w5ufpxzazoiuh3a6ji,no,-,+,-,-,-,-,-,-,-,-,-,-,-
QmbN4tYtK1LkoVbn2fGgh1rD76KUQ6xqUuxVMqnTJiVpVj,no,-,+,-,+,-,-,-,-,+,+,+,-,-
bafybeihxjabr4hp42dagn3hgpsvdoqrqym2ya2i2xff53hyhctadpmnk7u,no,-,+,-,-,-,-,-,-,-,-,-,-,-
Qmc6Q3ZT3JXkPHRn4wUyRPAPvFJKGyAnwafbcFdNZ6ErhB,no,-,+,-,+,-,-,-,-,+,+,+,-,-
QmarvqejQQPHHPJbVgMwnCkBAqUbxrTBJ9HVdEgDDiGATy,no,-,+,-,-,-,-,-,-,-,-,-,-,-
QmcMytEriZfuhi8fN7UXWzyLvmCTfqXRToEzE6kbXsgZRK,no,-,+,-,+,-,-,-,-,+,+,+,-,-
QmdiA5Y3oVzvEia1SQH6jpuwV2xcVUZY8PeP52ofcbu8MT,no,-,-,-,+,-,-,-,-,+,+,-,-,-
Qme18k88Z4ScpGYc9q6EMFiVTZkLKpfJTY9uv1Qtyewf1t,no,-,-,-,+,-,-,-,-,+,+,-,-,-
QmdTKtBZNqqBLMRX16D8NTffuiGfXVMuUv6nzVApwpL3ks,no,-,+,-,+,-,-,-,-,+,+,+,-,-
QmdMt3PUiZ9PgqcSHF6Rpz3yzGkiQeqHVqoZDii3P2QLvK,no,-,+,-,+,-,-,-,-,+,+,+,-,-
QmdtZM45vPsWyLBkhmDkU4rL78bGAo3prcS6BcqJ3fFn2Q,no,-,+,-,-,-,-,-,-,-,-,-,-,-
